[
  {
    "flipbook_texture": "textures/blocks/water_flow",
    "atlas_tile": "flowing_water",
    "replicate": 2
  },
  {
    "flipbook_texture": "textures/blocks/lava_still",
    "atlas_tile": "still_lava",
    "ticks_per_frame": 16
  },
  {
    "flipbook_texture": "textures/blocks/lava_flow",
    "atlas_tile": "flowing_lava",
    "ticks_per_frame": 10,
    "replicate": 2
  },
  {
    "flipbook_texture": "textures/blocks/magma",
    "atlas_tile": "magma",
    "ticks_per_frame": 10
  },
  {
    "flipbook_texture": "textures/blocks/prismarine_rough",
    "atlas_tile": "prismarine",
    "ticks_per_frame": 300,
    "frames": [ 0, 1, 0, 2, 0, 3, 0, 1, 2, 1, 3, 1, 0, 2, 1, 2, 3, 2, 0, 3, 1, 3 ]
  },
  {
    "flipbook_texture": "textures/blocks/portal",
    "atlas_tile": "portal"
  },
  {
    "flipbook_texture": "textures/blocks/sandstone_bottom",
    "atlas_tile": "sandstone_bottom",
    "ticks_per_frame": 10
  },
  {
    "flipbook_texture": "textures/blocks/sandstone_smooth",
    "atlas_tile": "sandstone_smooth",
    "ticks_per_frame": 10
  },
  {
    "flipbook_texture": "textures/blocks/sandstone_carved",
    "atlas_tile": "sandstone_carved",
    "ticks_per_frame": 10
  },
  {
    "flipbook_texture": "textures/blocks/sandstone_normal",
    "atlas_tile": "sandstone_normal",
    "ticks_per_frame": 10
  },
  {
    "flipbook_texture": "textures/blocks/sandstone_top",
    "atlas_tile": "sandstone_top",
    "ticks_per_frame": 10
  },
  {
    "flipbook_texture": "textures/blocks/sandstone_smooth",
    "atlas_tile": "sandstone_side",
    "ticks_per_frame": 10
  },
  {
    "flipbook_texture": "textures/blocks/wool_colored_white",
	  "atlas_index": 0,
    "atlas_tile_variant": 0,
    "atlas_tile": "wool",
    "ticks_per_frame": 5,
    "frames": [ 0, 1, 2, 3, 4, 5, 6, 7, 8, 9, 10, 11, 12, 13, 14, 15, 16, 17, 18, 19, 20, 21, 22, 23, 24, 25, 26, 27, 28, 29, 30, 31, 32, 33, 34, 35, 36, 37, 38 ]
  },
  {
    "flipbook_texture": "textures/blocks/wool_colored_orange",
	  "atlas_index": 1,
    "atlas_tile_variant": 1,
    "atlas_tile": "wool",
    "ticks_per_frame": 5,
    "frames": [ 0, 1, 2, 3, 4, 5, 6, 7, 8, 9, 10, 11, 12, 13, 14, 15, 16, 17, 18, 19, 20, 21, 22, 23, 24, 25, 26, 27, 28, 29, 30, 31, 32, 33, 34, 35, 36, 37, 38 ]
  },
  {
    "flipbook_texture": "textures/blocks/wool_colored_magenta",
  	"atlas_index": 2,
    "atlas_tile_variant": 2,
    "atlas_tile": "wool",
    "ticks_per_frame": 5,
    "frames": [ 0, 1, 2, 3, 4, 5, 6, 7, 8, 9, 10, 11, 12, 13, 14, 15, 16, 17, 18, 19, 20, 21, 22, 23, 24, 25, 26, 27, 28, 29, 30, 31, 32, 33, 34, 35, 36, 37, 38 ]
  },
  {
    "flipbook_texture": "textures/blocks/wool_colored_light_blue",
	  "atlas_index": 3,
    "atlas_tile_variant": 3,
    "atlas_tile": "wool",
    "ticks_per_frame": 5,
    "frames": [ 0, 1, 2, 3, 4, 5, 6, 7, 8, 9, 10, 11, 12, 13, 14, 15, 16, 17, 18, 19, 20, 21, 22, 23, 24, 25, 26, 27, 28, 29, 30, 31, 32, 33, 34, 35, 36, 37, 38 ]
  },
  {
    "flipbook_texture": "textures/blocks/wool_colored_yellow",
	  "atlas_index": 4,
    "atlas_tile_variant": 4,
    "atlas_tile": "wool",
    "ticks_per_frame": 5,
    "frames": [ 0, 1, 2, 3, 4, 5, 6, 7, 8, 9, 10, 11, 12, 13, 14, 15, 16, 17, 18, 19, 20, 21, 22, 23, 24, 25, 26, 27, 28, 29, 30, 31, 32, 33, 34, 35, 36, 37, 38 ]
  },
  {
    "flipbook_texture": "textures/blocks/wool_colored_lime",
  	"atlas_index": 5,
    "atlas_tile_variant": 5,
    "atlas_tile": "wool",
    "ticks_per_frame": 5,
    "frames": [ 0, 1, 2, 3, 4, 5, 6, 7, 8, 9, 10, 11, 12, 13, 14, 15, 16, 17, 18, 19, 20, 21, 22, 23, 24, 25, 26, 27, 28, 29, 30, 31, 32, 33, 34, 35, 36, 37, 38 ]
  },
  {
    "flipbook_texture": "textures/blocks/wool_colored_pink",
  	"atlas_index": 6,
    "atlas_tile_variant": 6,
    "atlas_tile": "wool",
    "ticks_per_frame": 5,
    "frames": [ 0, 1, 2, 3, 4, 5, 6, 7, 8, 9, 10, 11, 12, 13, 14, 15, 16, 17, 18, 19, 20, 21, 22, 23, 24, 25, 26, 27, 28, 29, 30, 31, 32, 33, 34, 35, 36, 37, 38 ]
  },
  {
    "flipbook_texture": "textures/blocks/wool_colored_gray",
  	"atlas_index": 7,
    "atlas_tile_variant": 7,
    "atlas_tile": "wool",
    "ticks_per_frame": 5,
    "frames": [ 0, 1, 2, 3, 4, 5, 6, 7, 8, 9, 10, 11, 12, 13, 14, 15, 16, 17, 18, 19, 20, 21, 22, 23, 24, 25, 26, 27, 28, 29, 30, 31, 32, 33, 34, 35, 36, 37, 38 ]
  },
  {
    "flipbook_texture": "textures/blocks/wool_colored_silver",
	  "atlas_index": 8,
    "atlas_tile_variant": 8,
    "atlas_tile": "wool",
    "ticks_per_frame": 5,
    "frames": [ 0, 1, 2, 3, 4, 5, 6, 7, 8, 9, 10, 11, 12, 13, 14, 15, 16, 17, 18, 19, 20, 21, 22, 23, 24, 25, 26, 27, 28, 29, 30, 31, 32, 33, 34, 35, 36, 37, 38 ]
  },
  {
    "flipbook_texture": "textures/blocks/wool_colored_cyan",
  	"atlas_index": 9,
    "atlas_tile_variant": 9,
    "atlas_tile": "wool",
    "ticks_per_frame": 5,
    "frames": [ 0, 1, 2, 3, 4, 5, 6, 7, 8, 9, 10, 11, 12, 13, 14, 15, 16, 17, 18, 19, 20, 21, 22, 23, 24, 25, 26, 27, 28, 29, 30, 31, 32, 33, 34, 35, 36, 37, 38 ]
  },
  {
    "flipbook_texture": "textures/blocks/wool_colored_purple",
	  "atlas_index": 10,
    "atlas_tile_variant": 10,
    "atlas_tile": "wool",
    "ticks_per_frame": 5,
    "frames": [ 0, 1, 2, 3, 4, 5, 6, 7, 8, 9, 10, 11, 12, 13, 14, 15, 16, 17, 18, 19, 20, 21, 22, 23, 24, 25, 26, 27, 28, 29, 30, 31, 32, 33, 34, 35, 36, 37, 38 ]
  },
  {
    "flipbook_texture": "textures/blocks/wool_colored_blue",
	  "atlas_index": 11,
    "atlas_tile_variant": 11,
    "atlas_tile": "wool",
    "ticks_per_frame": 5,
    "frames": [ 0, 1, 2, 3, 4, 5, 6, 7, 8, 9, 10, 11, 12, 13, 14, 15, 16, 17, 18, 19, 20, 21, 22, 23, 24, 25, 26, 27, 28, 29, 30, 31, 32, 33, 34, 35, 36, 37, 38 ]
  },
  {
    "flipbook_texture": "textures/blocks/wool_colored_brown",
	  "atlas_index": 12,
    "atlas_tile_variant": 12,
    "atlas_tile": "wool",
    "ticks_per_frame": 5,
    "frames": [ 0, 1, 2, 3, 4, 5, 6, 7, 8, 9, 10, 11, 12, 13, 14, 15, 16, 17, 18, 19, 20, 21, 22, 23, 24, 25, 26, 27, 28, 29, 30, 31, 32, 33, 34, 35, 36, 37, 38 ]
  },
  {
    "flipbook_texture": "textures/blocks/wool_colored_green",
	  "atlas_index": 13,
    "atlas_tile_variant": 13,
    "atlas_tile": "wool",
    "ticks_per_frame": 5,
    "frames": [ 0, 1, 2, 3, 4, 5, 6, 7, 8, 9, 10, 11, 12, 13, 14, 15, 16, 17, 18, 19, 20, 21, 22, 23, 24, 25, 26, 27, 28, 29, 30, 31, 32, 33, 34, 35, 36, 37, 38 ]
  },
  {
    "flipbook_texture": "textures/blocks/wool_colored_red",
	  "atlas_index": 14,
    "atlas_tile_variant": 14,
    "atlas_tile": "wool",
    "ticks_per_frame": 5,
    "frames": [ 0, 1, 2, 3, 4, 5, 6, 7, 8, 9, 10, 11, 12, 13, 14, 15, 16, 17, 18, 19, 20, 21, 22, 23, 24, 25, 26, 27, 28, 29, 30, 31, 32, 33, 34, 35, 36, 37, 38 ]
  },
  {
    "flipbook_texture": "textures/blocks/wool_colored_black",
	  "atlas_index": 15,
    "atlas_tile_variant": 15,
    "atlas_tile": "wool",
    "ticks_per_frame": 5,
    "frames": [ 0, 1, 2, 3, 4, 5, 6, 7, 8, 9, 10, 11, 12, 13, 14, 15, 16, 17, 18, 19, 20, 21, 22, 23, 24, 25, 26, 27, 28, 29, 30, 31, 32, 33, 34, 35, 36, 37, 38 ]
  },
  {
    "flipbook_texture": "textures/blocks/diamond_ore",
    "atlas_tile": "diamond_ore",
    "ticks_per_frame": 10
  },
  {
    "flipbook_texture": "textures/blocks/iron_ore",
    "atlas_tile": "iron_ore",
    "ticks_per_frame": 10
  },
  {
    "flipbook_texture": "textures/blocks/redstone_ore",
    "atlas_tile": "redstone_ore",
    "ticks_per_frame": 10
  },
  {
    "flipbook_texture": "textures/blocks/gold_ore",
    "atlas_tile": "gold_ore",
    "ticks_per_frame": 10
  },
  {
    "flipbook_texture": "textures/blocks/lapis_ore",
    "atlas_tile": "lapis_ore",
    "ticks_per_frame": 10
  },
  {
    "flipbook_texture": "textures/blocks/coal_ore",
    "atlas_tile": "coal_ore",
    "ticks_per_frame": 10
  },
  {
    "flipbook_texture": "textures/blocks/quartz_ore",
    "atlas_tile": "quartz_ore",
    "ticks_per_frame": 10
  },
  {
    "flipbook_texture": "textures/blocks/emerald_ore",
    "atlas_tile": "emerald_ore",
    "ticks_per_frame": 10
  },
  {
    "flipbook_texture": "textures/blocks/netherite_block",
    "atlas_tile": "netherite_block",
    "ticks_per_frame": 2,
    "blend_frames": false
  },
  {
    "flipbook_texture": "textures/blocks/emerald_block",
    "atlas_tile": "emerald_block",
    "ticks_per_frame": 2,
    "blend_frames": false
  },
  {
    "flipbook_texture": "textures/blocks/gold_block",
    "atlas_tile": "gold_block",
    "ticks_per_frame": 2,
    "blend_frames": false
  },
  {
    "flipbook_texture": "textures/blocks/iron_block",
    "atlas_tile": "iron_block",
    "ticks_per_frame": 2,
    "blend_frames": false
  },
  {
    "flipbook_texture": "textures/blocks/diamond_block",
    "atlas_tile": "diamond_block",
    "ticks_per_frame": 2,
    "blend_frames": false
  }
]
